region,return,hos_count,return/hos,effect_%
北海道,18940244,1960,9663,7.95173817102339
東北,-271481017,3662,-74134,-72.30506111512976
関東,-13565017464,16147,-840095,-725.9932678851675
中部,-1240114207,8059,-153879,-145.7685080202435
近畿,-2354905659,8808,-267359,-276.28933637807893
中国,-461405119,3546,-130119,-175.88829004146152
四国,19994028,1734,11530,9.894617998834804
九州,-345051320,6456,-53446,-96.11621929177278
